name,address1,city,state,postal_code,country,phone_number
Delphine Ruecker,04882 Macejkovic Terrace,Erdmanfort,17183-9733,USA,325-925-14566
Jayde Powlowski,392 Yundt Knoll ,Funkview,53560-3279,USA,344-806-03453
Jamison Littel,5127 Donnelly Estate ,Streichhaven,25131,USA,824-625-02795
Ada Sawayn,8361 Samantha Unions Apt. 192,South Wernerhaven,33750-1174,USA,385-038-66775
Sheila Reynolds,55439 Jaqueline Mount,Lake Timmyfurt,27599,USA,815-434-25563
Adrain Miller,3682 Mitchell Plaza ,Jordynside,76596-5767,USA,844-251-97785
Myrtie Lemke,597 Bradly Valley Apt. 630,Odaland,59172-1154,USA,227-811-82885
Isidro Roberts,4617 Grace Meadows Ave.,Port Adella,46734-9350,USA,841-291-38963
Vito Spinka,970 Schroeder Freeway Suite 352,North Otis,34236,USA,950-690-09670
Jeanne Altenwerth,1818 Catherine Key Apt. 518,Armstrongburgh,59143,USA,867-236-93610
Blair Homenick,20754 Verona Lodge,Andersonbury,36218,USA,103-691-94493
Werner Mertz,7428 Domenick Curve ,Tremblaystad,51860-7677,USA,710-660-79786
Dora Batz,620 Wilderman Gardens St.,North Nicklaus,23125-0088,USA,605-305-38535
Edd Ryan,447 Jerald Shoals Apt. 852,Wiegandbury,70668,USA,344-909-81511
Randi Predovic,476 Lily Avenue St.,Earlineside,12500,USA,323-111-18771
Brittany Bayer,095 Madonna Lock ,Huldastad,35425,USA,082-893-49141
Keaton Jaskolski,85377 Daniel Meadows,East Janick,99464,USA,105-372-81536
Wilfredo Bogisich,79394 Emmalee Drive,Bauchborough,37613,USA,006-117-59048
Dante Kulas,98490 Stanton Park,South Desmond,08909-6090,USA,167-313-26722
Tristian Walsh,9306 Harmony Trace Ave.,South Alvenahaven,03812,USA,917-728-47916
Jessy Reynolds,448 Mayer Highway ,Alfredaton,46982,USA,365-207-05449
Erica Gislason,39568 Prohaska Lodge,Harberstad,97418-5277,USA,785-792-85519
Laurine Stiedemann,28902 Soledad Villages,Port Aliza,16631-0625,USA,229-789-46853
Doug Veum,4582 Buckridge Plains Apt. 194,Harveyport,11228,USA,227-654-08139
Ettie Cummerata,249 Karlie Cove ,New Daisha,84862-9471,USA,151-050-76635
Lorena Beer,176 McGlynn Cliffs St.,Hettingerhaven,86649-2727,USA,796-822-21813
Marjorie Langworth,1887 Marvin Summit ,North Kathryn,02640-6428,USA,706-027-39164
Reagan Haag,35255 Wiza Mountain,Ritchieberg,84039-9625,USA,327-440-89391
Chyna Aufderhar,035 Dicki Heights Apt. 800,Port Daltonfurt,28323-0443,USA,534-540-00621
Delaney Konopelski,3650 Providenci Park Suite 742,Mittieburgh,14826-9520,USA,352-475-76333
Abigale Conroy,41855 McDermott Road,East Daltonhaven,80194-8172,USA,263-381-81632
Greta Mitchell,76932 Liza Centers,South Estellland,99616-1340,USA,618-034-37595
Conner Abernathy,68548 Andrew Union,Alessandramouth,13015-6429,USA,973-903-35982
Louvenia Collier,008 Gleason Port St.,East Ciaraborough,15385,USA,257-563-95958
Cara Konopelski,2110 Magnolia Road Ave.,Pricestad,96461-9060,USA,120-846-41593
Lottie Abbott,054 Reinger Walks ,Feestmouth,80966,USA,193-074-16253
Angelica Kilback,7283 Flatley Roads Ave.,East Antonestad,15835-6773,USA,661-651-61406
Billy Kilback,1004 Kris Drives ,Wandastad,65058,USA,821-496-76184
Amelie Schuppe,1439 Ressie Port Ave.,Peytonborough,02732,USA,997-089-60294
Ottilie Koss,62683 Hackett Lodge,Lindsaychester,42699,USA,205-142-27357
Ryleigh Gulgowski,282 Gene Prairie ,Wandamouth,51067-1058,USA,573-879-43246
Crawford Dare,71303 Joanny Plains,New Ashly,67771,USA,083-862-83953
Orion Sauer,3764 Feest Branch Suite 057,Port Calista,13197-0137,USA,211-168-79528
Toney Rath,67197 Windler Track,Predovicview,84467,USA,756-628-79395
Dayton Doyle,934 Sherman Vista St.,Dedrichaven,50640-4839,USA,549-657-72868
Belle Kautzer,484 Roberts Turnpike ,South Amara,45085,USA,178-149-09242
Katlyn Sporer,852 Skiles Passage St.,West Elviefort,78940-9491,USA,992-770-16537
Verna Konopelski,3028 Hollis Village Ave.,Edgardohaven,95700,USA,660-177-07279
Tony Hintz,882 Little Turnpike St.,North Pascale,75347-4274,USA,343-886-78214
Stevie Greenfelder,253 Jeramie Loop Suite 640,Brownburgh,34617-4662,USA,903-867-78318
Corene Wilderman,259 Lenna Trail Suite 243,South Viva,75237,USA,378-915-65232
Geo Wyman,95097 Edison Light,O'Connerburgh,00503-5850,USA,636-050-29969
Joany Rolfson,91454 O'Reilly Bypass,Franeckiburgh,45317-6363,USA,920-924-97018
Ezequiel Denesik,7126 Reggie Forge Suite 844,West Destini,65219,USA,053-389-21635
Nyasia Welch,61319 Rath Square,East Freida,50765,USA,432-544-18310
Caden Hilpert,3377 Lambert Circle Suite 913,Lake Kamrynmouth,91562,USA,617-433-75423
Gregory Windler,2144 Smitham Turnpike ,Anachester,90485,USA,029-923-27378
Jace Block,8029 Tremaine Union Ave.,North Shea,90813-8222,USA,882-092-99402
Soledad Roberts,671 Walker Common St.,Marionberg,72922-8242,USA,980-816-21368
Dax Mayert,893 Johns Mill St.,Skylaport,66774-8938,USA,466-654-30709
Wiley Pfannerstill,401 Keon Trail St.,Caspertown,06656,USA,029-522-23982
Tina Nienow,7531 Konopelski Route Apt. 051,South Cornell,26325-5541,USA,926-445-58748
Wilfredo Kulas,080 Hintz Brooks ,Malloryview,74243,USA,562-884-73951
Lawrence Haley,8170 Hoppe Harbors Ave.,Justynstad,31602-9095,USA,796-591-21205
Emil Koelpin,7414 McGlynn Walks ,Felixbury,28381,USA,293-119-47745
Ophelia Sauer,2823 Deshawn Road Ave.,Denesikshire,20294-5591,USA,454-891-14507
Yasmine Koch,5859 Elwin Points ,New Emelia,04630,USA,669-780-39220
Harrison Kautzer,6212 Joey Village Apt. 706,Goldnerport,57985-6902,USA,052-374-58108
Deonte Blanda,318 Oswaldo Dale St.,Lednerchester,83999,USA,402-861-39586
Krystel Schimmel,25962 Marks Freeway,Rodriguezmouth,93061,USA,715-272-65719
Maegan Labadie,20390 Mayer Falls,Vincechester,75694,USA,078-234-00329
Cicero Windler,37382 Abdul Ville,Schaeferhaven,05621-3537,USA,211-643-05544
Noel Mayer,777 Monroe Walk St.,Erdmanside,76190-3273,USA,305-172-31518
Ruth Dach,892 Sauer Ridge Suite 451,New Aimeechester,90788-2886,USA,250-547-71705
Talia Farrell,4686 Rafael Plain Ave.,Lake Marjory,48336,USA,105-643-83310
Stanton Quitzon,8282 Maggio Path Ave.,Port Eloisa,93329,USA,957-482-33754
Asa Roob,5338 Devan Mountain Suite 657,East Loganberg,92946,USA,897-673-25708
Brittany West,8408 Green Mount Ave.,Tiaraport,95648,USA,594-923-30301
Cameron Effertz,9063 Lakin Courts Suite 525,Willmsmouth,19217,USA,632-379-22209
Vito Jast,7561 Shanny Circle Ave.,Camyllechester,73381-5052,USA,680-365-68957
Rossie VonRueden,5392 Clotilde Wells Apt. 550,Reichertfurt,80586,USA,002-274-84419
Willa Ebert,7548 Pablo Mission Ave.,Deionbury,42049-4075,USA,303-018-02564
Anika Harris,83735 Maryam Fork,Kozeyshire,82355,USA,856-748-19404
Dolores Schumm,418 O'Keefe Fields St.,Port Diana,49419,USA,403-845-44480
Jettie Senger,957 Powlowski Corners St.,Shermanbury,85398-4531,USA,677-231-28315
Orville Feeney,58120 Moen Burg,East Millieside,80582-6798,USA,601-562-82393
Leonora Bode,0248 Gottlieb Unions Apt. 797,Joanniemouth,39825-4815,USA,046-340-12658
Manley Weissnat,147 Kylee Village St.,New Lisandrobury,21861-8879,USA,957-681-49158
Vincenzo Nader,1101 Vito Flats ,Bahringerfurt,06418-3419,USA,181-720-89068
Providenci Jacobson,55838 Bonita Flat,South Vickieside,94180-8297,USA,647-537-05679
Yadira Adams,889 Grimes Street Apt. 752,Kulasmouth,66311-7027,USA,970-578-45716
Wyman Lynch,294 Hayden Stravenue St.,New Chad,76467-1466,USA,251-918-77614
Leone Towne,1286 Mayra Key Ave.,Oberbrunnerfurt,14254,USA,561-337-33807
Jaime Wyman,5020 Goldner Place Ave.,Mullerberg,01281-8852,USA,865-916-13639
Helga Brakus,3158 Runolfsdottir Ramp Ave.,Twilafurt,51969-4023,USA,942-990-09675
Ashlee Carroll,41957 Jettie Alley,Considinechester,68847-6931,USA,752-912-96422
Karina Littel,9333 Malachi Inlet Apt. 786,Auerside,91612,USA,078-056-56749
Elva Vandervort,034 Halvorson Row St.,Malindaburgh,51688,USA,834-456-96150
Arturo Wilkinson,064 Riley Via ,New Kendricktown,87199,USA,258-457-74792
Antonio Heller,2851 Goyette Dale Apt. 902,Bayerton,53388-1878,USA,206-058-40530
